{
 "prompts": 4,
 "tokens": 2048,
 "reuse": {
  "reuse_w1_median": 0.4054549902152642,
  "reuse_w2_median": 0.4927083333333333,
  "reuse_w4_median": 0.5792322834645669,
  "reuse_w8_median": 0.6848338293650793,
  "reuse_w16_median": 0.7950478830645162,
  "reuse_w32_median": 0.8896484375
 },
 "cache": {
  "capacities_frac": [
   0.125,
   0.1875,
   0.25,
   0.375,
   0.5,
   0.75
  ],
  "hit_lru": [
   0.47183973524305556,
   0.5612603081597223,
   0.6323215060763889,
   0.7482828776041667,
   0.8351006401909722,
   0.9387722439236111
  ],
  "hit_lfu": [
   0.4310384114583333,
   0.5435492621527778,
   0.63173828125,
   0.7614312065972222,
   0.8484809027777778,
   0.9422132703993056
  ],
  "hit_static": [
   0.32654758029513886,
   0.4306504991319444,
   0.5190578884548611,
   0.6630696614583333,
   0.7758558485243056,
   0.9310614691840278
  ],
  "hit_hybrid": [
   0.4377916124131944,
   0.5549384223090278,
   0.63065185546875,
   0.7477918836805556,
   0.8365993923611111,
   0.9471571180555556
  ]
 }
}