{
 "gate_ahead": {
  "1": {
   "8": 0.8393171406540573,
   "16": 0.965166462557264,
   "32": 0.9935943665804872
  },
  "4": {
   "8": 0.6728452283757428,
   "16": 0.8548923889871637,
   "32": 0.9567132149498798
  },
  "8": {
   "8": 0.5003869574091713,
   "16": 0.7044665940944346,
   "32": 0.8877717206422642
  }
 },
 "linear": {
  "1": {
   "8": 0.8736404045901937,
   "16": 0.9806028031024628,
   "32": 0.997252460652243
  },
  "4": {
   "8": 0.7889763913457615,
   "16": 0.9403504445049212,
   "32": 0.9873310427722592
  },
  "8": {
   "8": 0.7193644543475303,
   "16": 0.9011855354469995,
   "32": 0.9805479487005034
  }
 },
 "mlp": {
  "1": {
   "8": 0.7410543384587471,
   "16": 0.9075826643080691,
   "32": 0.9812548192497845
  },
  "4": {
   "8": 0.7156231573456706,
   "16": 0.8880842631650565,
   "32": 0.9739902254274956
  },
  "8": {
   "8": 0.6966700401415159,
   "16": 0.8760822050619131,
   "32": 0.9707974724452306
  }
 }
}